Company Name,Country,Address,Phone and Fax,Contact Person,Title,Email,Phone,Website,Linkedin,Facebook,Twitter,Description
Federal Distributors Inc, United States,"2075 Lisbon Road,,P.O. Box 2007",Phone: 207-783-1777 Fax: 207-783-1176,Mr,Mr,pspellman@federaldistributors.com,207-783-1777,http://federaldistributors.com/,,https://www.facebook.com/federal.distributors/,,
Fairn Et Swanson Inc, United States,400 Lancaster Street,Phone: (510) 533-8260 Fax: (510) 436-4510,Melinda Gracia-Gomez,Sales,sales@fairn.com,(510) 533-8260,http://www.fairn.com,https://www.linkedin.com/company/2112540/,,,
Fairest Cape Fine Wine Negociants, United States,1806 EAST CARNEGIE Ave.,Phone: (949) 724-0320 Fax:,Wendy Fimbres,Sales Representative,fairestcape@SBCglobal.net,(949) 724-0320,http://www.fairestcape.net,https://www.linkedin.com/company/3908373/,,,
Fabiano Brothers Inc, United States,219 N. Mission St. • P.O. Box 1907,Phone: 1 989-509-0200 Fax:,Belinda LaDouce,Fine Wine Manager,jphillips@fabianobrothers.com,1 989-509-0200,http://www.fabianobrothers.com,https://www.linkedin.com/company/2114988/,https://www.facebook.com/fabianobrothers/,https://twitter.com/FabianoBrothers,
Exceptional Wines, United States,2012 Orchid Ave.,Phone: (956) 492-9959 Fax:,Emilio D. Santos,Founder,fcw@exceptionalwines.net,(956) 492-9959,http://www.exceptionalwinesusa.com/,,,,
Eurowineclub.com Inc, United States,53 Court St,Phone: 617-284-3750 Fax:,Mr,Mr,ewi4wine@aol.com,617-284-3750,http://www.eurowineclub.com,,,,
"Eurobubblies, Inc", United States,1417 6th st. #3B,Phone: (+1) 310 463 0804 Fax:,Mr,Mr,Info@eurobubblies.com,(+1) 310 463 0804,http://www.eurobubblies.com,,https://www.facebook.com/effervefrenchsparklinglemonade/,,
Esber Beverage , United States,2217 Bolivar Rd. SW,Phone: 330-456-4361 Fax:,Shanna Bechler,Sales and Marketing Representative,sales@esberbeverage.com,330-456-4361,http://www.esberbeverage.com,https://www.linkedin.com/company/1091854/,https://www.facebook.com/esberbeverage/,,
Eric Solomon Selections - European Cellars, United States,2129 East Seventh Street,Phone: (704) 358.1565 Fax:,Jean Philippe Molinari,Southern California Manager,info@europeancellars.com,(704) 358.1565,http://www.europeancellars.com,,https://www.facebook.com/EuropeanCellars/,https://twitter.com/EuropeanCellars,
Epicurean Wine's, United States,"811 First Ave, Suite 360",Phone: (206) 923-1376 Fax:,Benjamin Hammerschlag,Owner,david@epicureanwines.com,(206) 923-1376,http://www.epicureanwines.com,https://www.linkedin.com/company/334778/,https://www.facebook.com/epicureanwines/,https://twitter.com/epicureanwines,
Company Name,Country,Address,Phone and Fax,Contact Person,Title,Email,Phone,Website,Linkedin,Facebook,Twitter,Description
Federal Distributors Inc, United States,"2075 Lisbon Road,,P.O. Box 2007",Phone: 207-783-1777 Fax: 207-783-1176,Mr,Mr,pspellman@federaldistributors.com,207-783-1777,http://federaldistributors.com/,,https://www.facebook.com/federal.distributors/,,
Fairest Cape Fine Wine Negociants, United States,1806 EAST CARNEGIE Ave.,Phone: (949) 724-0320 Fax:,Wendy Fimbres,Sales Representative,fairestcape@SBCglobal.net,(949) 724-0320,http://www.fairestcape.net,https://www.linkedin.com/company/3908373/,,,
Fabiano Brothers Inc, United States,219 N. Mission St. • P.O. Box 1907,Phone: 1 989-509-0200 Fax:,Belinda LaDouce,Fine Wine Manager,jphillips@fabianobrothers.com,1 989-509-0200,http://www.fabianobrothers.com,https://www.linkedin.com/company/2114988/,https://www.facebook.com/fabianobrothers/,https://twitter.com/FabianoBrothers,
Exceptional Wines, United States,2012 Orchid Ave.,Phone: (956) 492-9959 Fax:,Emilio D. Santos,Founder,fcw@exceptionalwines.net,(956) 492-9959,http://www.exceptionalwinesusa.com/,,,,
"Eurobubblies, Inc", United States,1417 6th st. #3B,Phone: (+1) 310 463 0804 Fax:,Mr,Mr,Info@eurobubblies.com,(+1) 310 463 0804,http://www.eurobubblies.com,,https://www.facebook.com/effervefrenchsparklinglemonade/,,
Esber Beverage , United States,2217 Bolivar Rd. SW,Phone: 330-456-4361 Fax:,Shanna Bechler,Sales and Marketing Representative,sales@esberbeverage.com,330-456-4361,http://www.esberbeverage.com,https://www.linkedin.com/company/1091854/,https://www.facebook.com/esberbeverage/,,
Fairn Et Swanson Inc, United States,400 Lancaster Street,Phone: (510) 533-8260 Fax: (510) 436-4510,Melinda Gracia-Gomez,Sales,sales@fairn.com,(510) 533-8260,http://www.fairn.com,https://www.linkedin.com/company/2112540/,,,
Eric Solomon Selections - European Cellars, United States,2129 East Seventh Street,Phone: (704) 358.1565 Fax:,Jean Philippe Molinari,Southern California Manager,info@europeancellars.com,(704) 358.1565,http://www.europeancellars.com,,https://www.facebook.com/EuropeanCellars/,https://twitter.com/EuropeanCellars,
Eurowineclub.com Inc, United States,53 Court St,Phone: 617-284-3750 Fax:,Mr,Mr,ewi4wine@aol.com,617-284-3750,http://www.eurowineclub.com,,,,
Epicurean Wine's, United States,"811 First Ave, Suite 360",Phone: (206) 923-1376 Fax:,Benjamin Hammerschlag,Owner,david@epicureanwines.com,(206) 923-1376,http://www.epicureanwines.com,https://www.linkedin.com/company/334778/,https://www.facebook.com/epicureanwines/,https://twitter.com/epicureanwines,
